Hotel Name,Location,Price,Rating,Reviews Count,Score,Link
FK Pyramids View Hotel,"Giza, Cairo","EGP 6,191",Scored 10,10,Scored 10,https://www.booking.com/hotel/eg/pyramids-king-inn.html?label=gen173bo-10CAEoggI46AdIM1gDaEOIAQGYATO4ARfIAQzYAQPoAQH4AQGIAgGYAgKoAgG4AuXwwMYGwAIB0gIkOWVmMDM3YmItZGJlYi00OTUwLThiYTYtYWFjYzNlMzJkYWFk2AIB4AIB&aid=304142&ucfs=1&arphpl=1&checkin=2025-09-21&checkout=2025-09-30&dest_id=-290692&dest_type=city&group_adults=2&req_adults=2&no_rooms=1&group_children=0&req_children=0&hpos=1&hapos=1&sr_order=popularity&srpvid=525f7c648d450097&srepoch=1758476505&all_sr_blocks=1494001503_421061810_0_1_0&highlighted_blocks=1494001503_421061810_0_1_0&matching_block_id=1494001503_421061810_0_1_0&sr_pri_blocks=1494001503_421061810_0_1_0__12852&from=searchresults
New Comfort Inn Giza,"Giza, Cairo","EGP 9,139",Scored 8.6,8.6,Scored 8.6,https://www.booking.com/hotel/eg/comfort-inn-giza-al-haram.html?label=gen173bo-10CAEoggI46AdIM1gDaEOIAQGYATO4ARfIAQzYAQPoAQH4AQGIAgGYAgKoAgG4AuXwwMYGwAIB0gIkOWVmMDM3YmItZGJlYi00OTUwLThiYTYtYWFjYzNlMzJkYWFk2AIB4AIB&aid=304142&ucfs=1&arphpl=1&checkin=2025-09-21&checkout=2025-09-30&dest_id=-290692&dest_type=city&group_adults=2&req_adults=2&no_rooms=1&group_children=0&req_children=0&hpos=2&hapos=2&sr_order=popularity&srpvid=525f7c648d450097&srepoch=1758476505&all_sr_blocks=1111581911_385954638_0_41_0_202208&highlighted_blocks=1111581911_385954638_0_41_0_202208&matching_block_id=1111581911_385954638_0_41_0_202208&sr_pri_blocks=1111581911_385954638_0_41_0_202208_18972&from=searchresults
Comfort Inn Pyramids Hotel,"Giza, Cairo","EGP 6,617",Scored 9.9,9.9,Scored 9.9,https://www.booking.com/hotel/eg/comfort-inn-pyramids-al-haram1.html?label=gen173bo-10CAEoggI46AdIM1gDaEOIAQGYATO4ARfIAQzYAQPoAQH4AQGIAgGYAgKoAgG4AuXwwMYGwAIB0gIkOWVmMDM3YmItZGJlYi00OTUwLThiYTYtYWFjYzNlMzJkYWFk2AIB4AIB&aid=304142&ucfs=1&arphpl=1&checkin=2025-09-21&checkout=2025-09-30&dest_id=-290692&dest_type=city&group_adults=2&req_adults=2&no_rooms=1&group_children=0&req_children=0&hpos=3&hapos=3&sr_order=popularity&srpvid=525f7c648d450097&srepoch=1758476505&all_sr_blocks=852528402_420717162_0_41_0_1182691&highlighted_blocks=852528402_420717162_0_41_0_1182691&matching_block_id=852528402_420717162_0_41_0_1182691&sr_pri_blocks=852528402_420717162_0_41_0_1182691_13736&from=searchresults
Revento DownTown Inn,Cairo,"EGP 11,705",Scored 7.1,7.1,Scored 7.1,https://www.booking.com/hotel/eg/revento-downtown-inn.html?label=gen173bo-10CAEoggI46AdIM1gDaEOIAQGYATO4ARfIAQzYAQPoAQH4AQGIAgGYAgKoAgG4AuXwwMYGwAIB0gIkOWVmMDM3YmItZGJlYi00OTUwLThiYTYtYWFjYzNlMzJkYWFk2AIB4AIB&aid=304142&ucfs=1&arphpl=1&checkin=2025-09-21&checkout=2025-09-30&dest_id=-290692&dest_type=city&group_adults=2&req_adults=2&no_rooms=1&group_children=0&req_children=0&hpos=4&hapos=4&sr_order=popularity&srpvid=525f7c648d450097&srepoch=1758476505&all_sr_blocks=1330523801_406037243_2_1_0_773007&highlighted_blocks=1330523801_406037243_2_1_0_773007&matching_block_id=1330523801_406037243_2_1_0_773007&sr_pri_blocks=1330523801_406037243_2_1_0_773007_24300&from=searchresults
Pharaohs Pyramids Crypt,"Giza, Cairo","EGP 19,028",Scored 9.4,9.4,Scored 9.4,https://www.booking.com/hotel/eg/pharaohs-pyramids.html?label=gen173bo-10CAEoggI46AdIM1gDaEOIAQGYATO4ARfIAQzYAQPoAQH4AQGIAgGYAgKoAgG4AuXwwMYGwAIB0gIkOWVmMDM3YmItZGJlYi00OTUwLThiYTYtYWFjYzNlMzJkYWFk2AIB4AIB&aid=304142&ucfs=1&arphpl=1&checkin=2025-09-21&checkout=2025-09-30&dest_id=-290692&dest_type=city&group_adults=2&req_adults=2&no_rooms=1&group_children=0&req_children=0&hpos=5&hapos=5&sr_order=popularity&srpvid=525f7c648d450097&srepoch=1758476505&all_sr_blocks=1360549001_408442695_2_41_0_825442&highlighted_blocks=1360549001_408442695_2_41_0_825442&matching_block_id=1360549001_408442695_2_41_0_825442&sr_pri_blocks=1360549001_408442695_2_41_0_825442_39501&from=searchresults
Royal Inn Residence New Cairo,"New Cairo City, Cairo","EGP 27,312",Scored 8.6,8.6,Scored 8.6,https://www.booking.com/hotel/eg/royal-inn-new-cairo.html?label=gen173bo-10CAEoggI46AdIM1gDaEOIAQGYATO4ARfIAQzYAQPoAQH4AQGIAgGYAgKoAgG4AuXwwMYGwAIB0gIkOWVmMDM3YmItZGJlYi00OTUwLThiYTYtYWFjYzNlMzJkYWFk2AIB4AIB&aid=304142&ucfs=1&arphpl=1&checkin=2025-09-21&checkout=2025-09-30&dest_id=-290692&dest_type=city&group_adults=2&req_adults=2&no_rooms=1&group_children=0&req_children=0&hpos=6&hapos=6&sr_order=popularity&srpvid=525f7c648d450097&srepoch=1758476505&all_sr_blocks=917268903_416185893_0_2_0&highlighted_blocks=917268903_416185893_0_2_0&matching_block_id=917268903_416185893_0_2_0&sr_pri_blocks=917268903_416185893_0_2_0__56700&from=searchresults
Alaaeldein Golden Pyramids,"Giza, Cairo","EGP 4,552",Scored 10,10,Scored 10,https://www.booking.com/hotel/eg/golden-pyramids-haram.html?label=gen173bo-10CAEoggI46AdIM1gDaEOIAQGYATO4ARfIAQzYAQPoAQH4AQGIAgGYAgKoAgG4AuXwwMYGwAIB0gIkOWVmMDM3YmItZGJlYi00OTUwLThiYTYtYWFjYzNlMzJkYWFk2AIB4AIB&aid=304142&ucfs=1&arphpl=1&checkin=2025-09-21&checkout=2025-09-30&dest_id=-290692&dest_type=city&group_adults=2&req_adults=2&no_rooms=1&group_children=0&req_children=0&hpos=7&hapos=7&sr_order=popularity&srpvid=525f7c648d450097&srepoch=1758476505&all_sr_blocks=1493789101_421041903_2_2_0&highlighted_blocks=1493789101_421041903_2_2_0&matching_block_id=1493789101_421041903_2_2_0&sr_pri_blocks=1493789101_421041903_2_2_0__9450&from=searchresults
Nefertari Pyramids View Inn,"Giza, Cairo","EGP 9,332",Scored 8.8,8.8,Scored 8.8,https://www.booking.com/hotel/eg/nefertari-pyramids-inn.html?label=gen173bo-10CAEoggI46AdIM1gDaEOIAQGYATO4ARfIAQzYAQPoAQH4AQGIAgGYAgKoAgG4AuXwwMYGwAIB0gIkOWVmMDM3YmItZGJlYi00OTUwLThiYTYtYWFjYzNlMzJkYWFk2AIB4AIB&aid=304142&ucfs=1&arphpl=1&checkin=2025-09-21&checkout=2025-09-30&dest_id=-290692&dest_type=city&group_adults=2&req_adults=2&no_rooms=1&group_children=0&req_children=0&hpos=8&hapos=8&sr_order=popularity&srpvid=525f7c648d450097&srepoch=1758476505&all_sr_blocks=1102156807_393216800_0_42_0&highlighted_blocks=1102156807_393216800_0_42_0&matching_block_id=1102156807_393216800_0_42_0&sr_pri_blocks=1102156807_393216800_0_42_0__19374&from=searchresults
Mar Charbel Hotel Cairo,Cairo,"EGP 25,947",Scored 7.7,7.7,Scored 7.7,https://www.booking.com/hotel/eg/mar-charbel-cairo.html?label=gen173bo-10CAEoggI46AdIM1gDaEOIAQGYATO4ARfIAQzYAQPoAQH4AQGIAgGYAgKoAgG4AuXwwMYGwAIB0gIkOWVmMDM3YmItZGJlYi00OTUwLThiYTYtYWFjYzNlMzJkYWFk2AIB4AIB&aid=304142&ucfs=1&arphpl=1&checkin=2025-09-21&checkout=2025-09-30&dest_id=-290692&dest_type=city&group_adults=2&req_adults=2&no_rooms=1&group_children=0&req_children=0&hpos=9&hapos=9&sr_order=popularity&srpvid=525f7c648d450097&srepoch=1758476505&all_sr_blocks=1184136504_0_2_1_0&highlighted_blocks=1184136504_0_2_1_0&matching_block_id=1184136504_0_2_1_0&sr_pri_blocks=1184136504_0_2_1_0__53865&from=searchresults
z&m Real estate marketing,"Mohandesin, Cairo (Mohandesin)","EGP 31,323",Scored 7.0,7.0,Scored 7.0,https://www.booking.com/hotel/eg/z-amp-m-real-estate-marketing.html?label=gen173bo-10CAEoggI46AdIM1gDaEOIAQGYATO4ARfIAQzYAQPoAQH4AQGIAgGYAgKoAgG4AuXwwMYGwAIB0gIkOWVmMDM3YmItZGJlYi00OTUwLThiYTYtYWFjYzNlMzJkYWFk2AIB4AIB&aid=304142&ucfs=1&arphpl=1&checkin=2025-09-21&checkout=2025-09-30&dest_id=-290692&dest_type=city&group_adults=2&req_adults=2&no_rooms=1&group_children=0&req_children=0&hpos=10&hapos=10&sr_order=popularity&srpvid=525f7c648d450097&srepoch=1758476505&all_sr_blocks=1330011501_407001363_6_0_0&highlighted_blocks=1330011501_407001363_6_0_0&matching_block_id=1330011501_407001363_6_0_0&sr_pri_blocks=1330011501_407001363_6_0_0__65025&from=searchresults
Pyramids heart view hotel,"Giza, Cairo","EGP 9,751",Scored 8.0,8.0,Scored 8.0,https://www.booking.com/hotel/eg/pyramids-heart-view.html?label=gen173bo-10CAEoggI46AdIM1gDaEOIAQGYATO4ARfIAQzYAQPoAQH4AQGIAgGYAgKoAgG4AuXwwMYGwAIB0gIkOWVmMDM3YmItZGJlYi00OTUwLThiYTYtYWFjYzNlMzJkYWFk2AIB4AIB&aid=304142&ucfs=1&arphpl=1&checkin=2025-09-21&checkout=2025-09-30&dest_id=-290692&dest_type=city&group_adults=2&req_adults=2&no_rooms=1&group_children=0&req_children=0&hpos=11&hapos=11&sr_order=popularity&srpvid=525f7c648d450097&srepoch=1758476505&all_sr_blocks=1168505103_414649591_0_1_0&highlighted_blocks=1168505103_414649591_0_1_0&matching_block_id=1168505103_414649591_0_1_0&sr_pri_blocks=1168505103_414649591_0_1_0__20242&from=searchresults
Secrets Of The Pyramids Hotel,"Giza, Cairo","EGP 11,965",Scored 9.8,9.8,Scored 9.8,https://www.booking.com/hotel/eg/secrets-of-the-pyramids.html?label=gen173bo-10CAEoggI46AdIM1gDaEOIAQGYATO4ARfIAQzYAQPoAQH4AQGIAgGYAgKoAgG4AuXwwMYGwAIB0gIkOWVmMDM3YmItZGJlYi00OTUwLThiYTYtYWFjYzNlMzJkYWFk2AIB4AIB&aid=304142&ucfs=1&arphpl=1&checkin=2025-09-21&checkout=2025-09-30&dest_id=-290692&dest_type=city&group_adults=2&req_adults=2&no_rooms=1&group_children=0&req_children=0&hpos=12&hapos=12&sr_order=popularity&srpvid=525f7c648d450097&srepoch=1758476505&all_sr_blocks=1480266702_419509185_2_41_0&highlighted_blocks=1480266702_419509185_2_41_0&matching_block_id=1480266702_419509185_2_41_0&sr_pri_blocks=1480266702_419509185_2_41_0__24840&from=searchresults
Continental de las pirámides,"Giza, Cairo","EGP 8,770",Scored 10,10,Scored 10,https://www.booking.com/hotel/eg/continental-de-las-piramides-al-haram.html?label=gen173bo-10CAEoggI46AdIM1gDaEOIAQGYATO4ARfIAQzYAQPoAQH4AQGIAgGYAgKoAgG4AuXwwMYGwAIB0gIkOWVmMDM3YmItZGJlYi00OTUwLThiYTYtYWFjYzNlMzJkYWFk2AIB4AIB&aid=304142&ucfs=1&arphpl=1&checkin=2025-09-21&checkout=2025-09-30&dest_id=-290692&dest_type=city&group_adults=2&req_adults=2&no_rooms=1&group_children=0&req_children=0&hpos=13&hapos=13&sr_order=popularity&srpvid=525f7c648d450097&srepoch=1758476505&all_sr_blocks=1493430404_420996042_2_41_0_1205259&highlighted_blocks=1493430404_420996042_2_41_0_1205259&matching_block_id=1493430404_420996042_2_41_0_1205259&sr_pri_blocks=1493430404_420996042_2_41_0_1205259_18207&from=searchresults
Pyramids Heart Hotel,"Giza, Cairo","EGP 8,107",Scored 7.8,7.8,Scored 7.8,https://www.booking.com/hotel/eg/pyramids-heart.html?label=gen173bo-10CAEoggI46AdIM1gDaEOIAQGYATO4ARfIAQzYAQPoAQH4AQGIAgGYAgKoAgG4AuXwwMYGwAIB0gIkOWVmMDM3YmItZGJlYi00OTUwLThiYTYtYWFjYzNlMzJkYWFk2AIB4AIB&aid=304142&ucfs=1&arphpl=1&checkin=2025-09-21&checkout=2025-09-30&dest_id=-290692&dest_type=city&group_adults=2&req_adults=2&no_rooms=1&group_children=0&req_children=0&hpos=14&hapos=14&sr_order=popularity&srpvid=525f7c648d450097&srepoch=1758476505&all_sr_blocks=1103428701_414599094_2_41_0_1107449&highlighted_blocks=1103428701_414599094_2_41_0_1107449&matching_block_id=1103428701_414599094_2_41_0_1107449&sr_pri_blocks=1103428701_414599094_2_41_0_1107449_16830&from=searchresults
Khattab Pyramids View Hotel,"Giza, Cairo","EGP 13,873",Scored 7.9,7.9,Scored 7.9,https://www.booking.com/hotel/eg/khattab-pyramids.html?label=gen173bo-10CAEoggI46AdIM1gDaEOIAQGYATO4ARfIAQzYAQPoAQH4AQGIAgGYAgKoAgG4AuXwwMYGwAIB0gIkOWVmMDM3YmItZGJlYi00OTUwLThiYTYtYWFjYzNlMzJkYWFk2AIB4AIB&aid=304142&ucfs=1&arphpl=1&checkin=2025-09-21&checkout=2025-09-30&dest_id=-290692&dest_type=city&group_adults=2&req_adults=2&no_rooms=1&group_children=0&req_children=0&hpos=15&hapos=15&sr_order=popularity&srpvid=525f7c648d450097&srepoch=1758476505&all_sr_blocks=1132883702_409294669_2_33_0&highlighted_blocks=1132883702_409294669_2_33_0&matching_block_id=1132883702_409294669_2_33_0&sr_pri_blocks=1132883702_409294669_2_33_0__28800&from=searchresults
Montana Hotel,Cairo,"EGP 10,301",Scored 8.2,8.2,Scored 8.2,https://www.booking.com/hotel/eg/montana-abdeen.html?label=gen173bo-10CAEoggI46AdIM1gDaEOIAQGYATO4ARfIAQzYAQPoAQH4AQGIAgGYAgKoAgG4AuXwwMYGwAIB0gIkOWVmMDM3YmItZGJlYi00OTUwLThiYTYtYWFjYzNlMzJkYWFk2AIB4AIB&aid=304142&ucfs=1&arphpl=1&checkin=2025-09-21&checkout=2025-09-30&dest_id=-290692&dest_type=city&group_adults=2&req_adults=2&no_rooms=1&group_children=0&req_children=0&hpos=16&hapos=16&sr_order=popularity&srpvid=525f7c648d450097&srepoch=1758476505&all_sr_blocks=1081771207_390215758_0_1_0&highlighted_blocks=1081771207_390215758_0_1_0&matching_block_id=1081771207_390215758_0_1_0&sr_pri_blocks=1081771207_390215758_0_1_0__21384&from=searchresults
Karnak temple pyramids view,"Giza, Cairo","EGP 2,417",Scored 8.4,8.4,Scored 8.4,https://www.booking.com/hotel/eg/ankh-amp-sun-lodge.html?label=gen173bo-10CAEoggI46AdIM1gDaEOIAQGYATO4ARfIAQzYAQPoAQH4AQGIAgGYAgKoAgG4AuXwwMYGwAIB0gIkOWVmMDM3YmItZGJlYi00OTUwLThiYTYtYWFjYzNlMzJkYWFk2AIB4AIB&aid=304142&ucfs=1&arphpl=1&checkin=2025-09-21&checkout=2025-09-30&dest_id=-290692&dest_type=city&group_adults=2&req_adults=2&no_rooms=1&group_children=0&req_children=0&hpos=17&hapos=17&sr_order=popularity&srpvid=525f7c648d450097&srepoch=1758476505&all_sr_blocks=1474501503_419604962_0_41_0&highlighted_blocks=1474501503_419604962_0_41_0&matching_block_id=1474501503_419604962_0_41_0&sr_pri_blocks=1474501503_419604962_0_41_0__5018&from=searchresults
Osiris Hotel Cairo,Cairo,"EGP 7,462",Scored 8.3,8.3,Scored 8.3,https://www.booking.com/hotel/eg/osiris.html?label=gen173bo-10CAEoggI46AdIM1gDaEOIAQGYATO4ARfIAQzYAQPoAQH4AQGIAgGYAgKoAgG4AuXwwMYGwAIB0gIkOWVmMDM3YmItZGJlYi00OTUwLThiYTYtYWFjYzNlMzJkYWFk2AIB4AIB&aid=304142&ucfs=1&arphpl=1&checkin=2025-09-21&checkout=2025-09-30&dest_id=-290692&dest_type=city&group_adults=2&req_adults=2&no_rooms=1&group_children=0&req_children=0&hpos=18&hapos=18&sr_order=popularity&srpvid=525f7c648d450097&srepoch=1758476505&all_sr_blocks=41662901_383661921_0_42_0&highlighted_blocks=41662901_383661921_0_42_0&matching_block_id=41662901_383661921_0_42_0&sr_pri_blocks=41662901_383661921_0_42_0__15492&from=searchresults
West Pyramids Hotel,"Giza, Cairo","EGP 16,691",Scored 8.8,8.8,Scored 8.8,https://www.booking.com/hotel/eg/west-pyramids.html?label=gen173bo-10CAEoggI46AdIM1gDaEOIAQGYATO4ARfIAQzYAQPoAQH4AQGIAgGYAgKoAgG4AuXwwMYGwAIB0gIkOWVmMDM3YmItZGJlYi00OTUwLThiYTYtYWFjYzNlMzJkYWFk2AIB4AIB&aid=304142&ucfs=1&arphpl=1&checkin=2025-09-21&checkout=2025-09-30&dest_id=-290692&dest_type=city&group_adults=2&req_adults=2&no_rooms=1&group_children=0&req_children=0&hpos=19&hapos=19&sr_order=popularity&srpvid=525f7c648d450097&srepoch=1758476505&all_sr_blocks=1275511503_417691735_2_41_0&highlighted_blocks=1275511503_417691735_2_41_0&matching_block_id=1275511503_417691735_2_41_0&sr_pri_blocks=1275511503_417691735_2_41_0__34650&from=searchresults
Egypt Pyramids Hotel,"Giza, Cairo","EGP 1,561",Scored 1.0,1.0,Scored 1.0,https://www.booking.com/hotel/eg/eslam-pyramids-lhrm.html?label=gen173bo-10CAEoggI46AdIM1gDaEOIAQGYATO4ARfIAQzYAQPoAQH4AQGIAgGYAgKoAgG4AuXwwMYGwAIB0gIkOWVmMDM3YmItZGJlYi00OTUwLThiYTYtYWFjYzNlMzJkYWFk2AIB4AIB&aid=304142&ucfs=1&arphpl=1&checkin=2025-09-21&checkout=2025-09-30&dest_id=-290692&dest_type=city&group_adults=2&req_adults=2&no_rooms=1&group_children=0&req_children=0&hpos=20&hapos=20&sr_order=popularity&srpvid=525f7c648d450097&srepoch=1758476505&all_sr_blocks=1158414903_388718770_0_42_0&highlighted_blocks=1158414903_388718770_0_42_0&matching_block_id=1158414903_388718770_0_42_0&sr_pri_blocks=1158414903_388718770_0_42_0__3240&from=searchresults
Cairo Crystal Hotel,Cairo,"EGP 13,734",Scored 10,10,Scored 10,https://www.booking.com/hotel/eg/cairo-crystal.html?label=gen173bo-10CAEoggI46AdIM1gDaEOIAQGYATO4ARfIAQzYAQPoAQH4AQGIAgGYAgKoAgG4AuXwwMYGwAIB0gIkOWVmMDM3YmItZGJlYi00OTUwLThiYTYtYWFjYzNlMzJkYWFk2AIB4AIB&aid=304142&ucfs=1&arphpl=1&checkin=2025-09-21&checkout=2025-09-30&dest_id=-290692&dest_type=city&group_adults=2&req_adults=2&no_rooms=1&group_children=0&req_children=0&hpos=21&hapos=21&sr_order=popularity&srpvid=525f7c648d450097&srepoch=1758476505&all_sr_blocks=1475397403_420622652_2_1_0&highlighted_blocks=1475397403_420622652_2_1_0&matching_block_id=1475397403_420622652_2_1_0&sr_pri_blocks=1475397403_420622652_2_1_0__28512&from=searchresults
Comfort Sphinx & Pyramids Inn,"Giza, Cairo","EGP 3,652",Scored 8.9,8.9,Scored 8.9,https://www.booking.com/hotel/eg/may-pyramids-view.html?label=gen173bo-10CAEoggI46AdIM1gDaEOIAQGYATO4ARfIAQzYAQPoAQH4AQGIAgGYAgKoAgG4AuXwwMYGwAIB0gIkOWVmMDM3YmItZGJlYi00OTUwLThiYTYtYWFjYzNlMzJkYWFk2AIB4AIB&aid=304142&ucfs=1&arphpl=1&checkin=2025-09-21&checkout=2025-09-30&dest_id=-290692&dest_type=city&group_adults=2&req_adults=2&no_rooms=1&group_children=0&req_children=0&hpos=22&hapos=22&sr_order=popularity&srpvid=525f7c648d450097&srepoch=1758476505&all_sr_blocks=0_0_2_1_0&highlighted_blocks=0_0_2_1_0&matching_block_id=0_0_2_1_0&sr_pri_blocks=0_0_2_1_0__7581&from=searchresults
Falcon Pyramids INN,"Giza, Cairo","EGP 4,791",Scored 8.4,8.4,Scored 8.4,https://www.booking.com/hotel/eg/secret-kheops-view-inn.html?label=gen173bo-10CAEoggI46AdIM1gDaEOIAQGYATO4ARfIAQzYAQPoAQH4AQGIAgGYAgKoAgG4AuXwwMYGwAIB0gIkOWVmMDM3YmItZGJlYi00OTUwLThiYTYtYWFjYzNlMzJkYWFk2AIB4AIB&aid=304142&ucfs=1&arphpl=1&checkin=2025-09-21&checkout=2025-09-30&dest_id=-290692&dest_type=city&group_adults=2&req_adults=2&no_rooms=1&group_children=0&req_children=0&hpos=23&hapos=23&sr_order=popularity&srpvid=525f7c648d450097&srepoch=1758476505&all_sr_blocks=1293596801_403415630_2_41_0&highlighted_blocks=1293596801_403415630_2_41_0&matching_block_id=1293596801_403415630_2_41_0&sr_pri_blocks=1293596801_403415630_2_41_0__9945&from=searchresults
Desert Glow Pyramids INN,"Giza, Cairo","EGP 11,705",Scored 10,10,Scored 10,https://www.booking.com/hotel/eg/desert-glow-pyramids-inn.html?label=gen173bo-10CAEoggI46AdIM1gDaEOIAQGYATO4ARfIAQzYAQPoAQH4AQGIAgGYAgKoAgG4AuXwwMYGwAIB0gIkOWVmMDM3YmItZGJlYi00OTUwLThiYTYtYWFjYzNlMzJkYWFk2AIB4AIB&aid=304142&ucfs=1&arphpl=1&checkin=2025-09-21&checkout=2025-09-30&dest_id=-290692&dest_type=city&group_adults=2&req_adults=2&no_rooms=1&group_children=0&req_children=0&hpos=24&hapos=24&sr_order=popularity&srpvid=525f7c648d450097&srepoch=1758476505&all_sr_blocks=1494713702_421211705_0_1_0_1204065&highlighted_blocks=1494713702_421211705_0_1_0_1204065&matching_block_id=1494713702_421211705_0_1_0_1204065&sr_pri_blocks=1494713702_421211705_0_1_0_1204065_24300&from=searchresults
Mena Pyramids Hotel,"Giza, Cairo","EGP 19,509",Scored 10,10,Scored 10,https://www.booking.com/hotel/eg/fogolo-hotels.html?label=gen173bo-10CAEoggI46AdIM1gDaEOIAQGYATO4ARfIAQzYAQPoAQH4AQGIAgGYAgKoAgG4AuXwwMYGwAIB0gIkOWVmMDM3YmItZGJlYi00OTUwLThiYTYtYWFjYzNlMzJkYWFk2AIB4AIB&aid=304142&ucfs=1&arphpl=1&checkin=2025-09-21&checkout=2025-09-30&dest_id=-290692&dest_type=city&group_adults=2&req_adults=2&no_rooms=1&group_children=0&req_children=0&hpos=25&hapos=25&sr_order=popularity&srpvid=525f7c648d450097&srepoch=1758476505&all_sr_blocks=1438196104_415688718_2_41_0&highlighted_blocks=1438196104_415688718_2_41_0&matching_block_id=1438196104_415688718_2_41_0&sr_pri_blocks=1438196104_415688718_2_41_0__40500&from=searchresults
Macy's Hotel Apartment,"Mohandesin, Cairo (Mohandesin)","EGP 11,055",Scored 5.5,5.5,Scored 5.5,https://www.booking.com/hotel/eg/macys-apartment.html?label=gen173bo-10CAEoggI46AdIM1gDaEOIAQGYATO4ARfIAQzYAQPoAQH4AQGIAgGYAgKoAgG4AuXwwMYGwAIB0gIkOWVmMDM3YmItZGJlYi00OTUwLThiYTYtYWFjYzNlMzJkYWFk2AIB4AIB&aid=304142&ucfs=1&arphpl=1&checkin=2025-09-21&checkout=2025-09-30&dest_id=-290692&dest_type=city&group_adults=2&req_adults=2&no_rooms=1&group_children=0&req_children=0&hpos=1&hapos=26&sr_order=popularity&srpvid=525f7c648d450097&srepoch=1758476503&all_sr_blocks=1071525601_415174781_2_0_0&highlighted_blocks=1071525601_415174781_2_0_0&matching_block_id=1071525601_415174781_2_0_0&sr_pri_blocks=1071525601_415174781_2_0_0__22950&from=searchresults
Rahma Hotel abartments,"Mohandesin, Cairo (Mohandesin)","EGP 9,618",Scored 7.3,7.3,Scored 7.3,https://www.booking.com/hotel/eg/shehab-rahma-sweets-anb-abartments.html?label=gen173bo-10CAEoggI46AdIM1gDaEOIAQGYATO4ARfIAQzYAQPoAQH4AQGIAgGYAgKoAgG4AuXwwMYGwAIB0gIkOWVmMDM3YmItZGJlYi00OTUwLThiYTYtYWFjYzNlMzJkYWFk2AIB4AIB&aid=304142&ucfs=1&arphpl=1&checkin=2025-09-21&checkout=2025-09-30&dest_id=-290692&dest_type=city&group_adults=2&req_adults=2&no_rooms=1&group_children=0&req_children=0&hpos=2&hapos=27&sr_order=popularity&srpvid=525f7c648d450097&srepoch=1758476503&all_sr_blocks=1055356701_406928985_3_0_0&highlighted_blocks=1055356701_406928985_3_0_0&matching_block_id=1055356701_406928985_3_0_0&sr_pri_blocks=1055356701_406928985_3_0_0__19967&from=searchresults
Giza Pyramids Hotel,"Giza, Cairo","EGP 1,517",Not available,Not available,Not available,https://www.booking.com/hotel/eg/apartment-pyramids-3-inn.html?label=gen173bo-10CAEoggI46AdIM1gDaEOIAQGYATO4ARfIAQzYAQPoAQH4AQGIAgGYAgKoAgG4AuXwwMYGwAIB0gIkOWVmMDM3YmItZGJlYi00OTUwLThiYTYtYWFjYzNlMzJkYWFk2AIB4AIB&aid=304142&ucfs=1&arphpl=1&checkin=2025-09-21&checkout=2025-09-30&dest_id=-290692&dest_type=city&group_adults=2&req_adults=2&no_rooms=1&group_children=0&req_children=0&hpos=3&hapos=28&sr_order=popularity&srpvid=525f7c648d450097&srepoch=1758476503&all_sr_blocks=1447080003_418126765_2_42_0&highlighted_blocks=1447080003_418126765_2_42_0&matching_block_id=1447080003_418126765_2_42_0&sr_pri_blocks=1447080003_418126765_2_42_0__3150&from=searchresults
Mondy Pyramids Hotel,"Giza, Cairo","EGP 1,561",Not available,Not available,Not available,https://www.booking.com/hotel/eg/islam-pyramids-qsm-msr-ljdyd.html?label=gen173bo-10CAEoggI46AdIM1gDaEOIAQGYATO4ARfIAQzYAQPoAQH4AQGIAgGYAgKoAgG4AuXwwMYGwAIB0gIkOWVmMDM3YmItZGJlYi00OTUwLThiYTYtYWFjYzNlMzJkYWFk2AIB4AIB&aid=304142&ucfs=1&arphpl=1&checkin=2025-09-21&checkout=2025-09-30&dest_id=-290692&dest_type=city&group_adults=2&req_adults=2&no_rooms=1&group_children=0&req_children=0&hpos=4&hapos=29&sr_order=popularity&srpvid=525f7c648d450097&srepoch=1758476503&all_sr_blocks=1168697103_389573602_2_42_0&highlighted_blocks=1168697103_389573602_2_42_0&matching_block_id=1168697103_389573602_2_42_0&sr_pri_blocks=1168697103_389573602_2_42_0__3240&from=searchresults
Hotel apartment in Downtown Cairo,Cairo,"EGP 10,838",Scored 10,10,Scored 10,https://www.booking.com/hotel/eg/apartment-in-downtown-cairo-abdeen.html?label=gen173bo-10CAEoggI46AdIM1gDaEOIAQGYATO4ARfIAQzYAQPoAQH4AQGIAgGYAgKoAgG4AuXwwMYGwAIB0gIkOWVmMDM3YmItZGJlYi00OTUwLThiYTYtYWFjYzNlMzJkYWFk2AIB4AIB&aid=304142&ucfs=1&arphpl=1&checkin=2025-09-21&checkout=2025-09-30&dest_id=-290692&dest_type=city&group_adults=2&req_adults=2&no_rooms=1&group_children=0&req_children=0&hpos=5&hapos=30&sr_order=popularity&srpvid=525f7c648d450097&srepoch=1758476503&all_sr_blocks=1471486601_419628135_2_0_0&highlighted_blocks=1471486601_419628135_2_0_0&matching_block_id=1471486601_419628135_2_0_0&sr_pri_blocks=1471486601_419628135_2_0_0__22500&from=searchresults
Happy Day Pyramids View Hotel,"Giza, Cairo","EGP 6,444",Scored 8.9,8.9,Scored 8.9,https://www.booking.com/hotel/eg/happy-day-pyramids-view.html?label=gen173bo-10CAEoggI46AdIM1gDaEOIAQGYATO4ARfIAQzYAQPoAQH4AQGIAgGYAgKoAgG4AuXwwMYGwAIB0gIkOWVmMDM3YmItZGJlYi00OTUwLThiYTYtYWFjYzNlMzJkYWFk2AIB4AIB&aid=304142&ucfs=1&arphpl=1&checkin=2025-09-21&checkout=2025-09-30&dest_id=-290692&dest_type=city&group_adults=2&req_adults=2&no_rooms=1&group_children=0&req_children=0&hpos=6&hapos=31&sr_order=popularity&srpvid=525f7c648d450097&srepoch=1758476503&all_sr_blocks=1209499402_393118998_0_1_0_757496&highlighted_blocks=1209499402_393118998_0_1_0_757496&matching_block_id=1209499402_393118998_0_1_0_757496&sr_pri_blocks=1209499402_393118998_0_1_0_757496_13378&from=searchresults
negm shehab hotel,Cairo,"EGP 10,336",Scored 2.0,2.0,Scored 2.0,https://www.booking.com/hotel/eg/negm-shehab.html?label=gen173bo-10CAEoggI46AdIM1gDaEOIAQGYATO4ARfIAQzYAQPoAQH4AQGIAgGYAgKoAgG4AuXwwMYGwAIB0gIkOWVmMDM3YmItZGJlYi00OTUwLThiYTYtYWFjYzNlMzJkYWFk2AIB4AIB&aid=304142&ucfs=1&arphpl=1&checkin=2025-09-21&checkout=2025-09-30&dest_id=-290692&dest_type=city&group_adults=2&req_adults=2&no_rooms=1&group_children=0&req_children=0&hpos=7&hapos=32&sr_order=popularity&srpvid=525f7c648d450097&srepoch=1758476503&all_sr_blocks=1164750801_415853324_2_0_0&highlighted_blocks=1164750801_415853324_2_0_0&matching_block_id=1164750801_415853324_2_0_0&sr_pri_blocks=1164750801_415853324_2_0_0__21458&from=searchresults
Alaa Eldein Pyramids View,"Giza, Cairo","EGP 4,249",Scored 7.6,7.6,Scored 7.6,https://www.booking.com/hotel/eg/star-of-alaa-eldein.html?label=gen173bo-10CAEoggI46AdIM1gDaEOIAQGYATO4ARfIAQzYAQPoAQH4AQGIAgGYAgKoAgG4AuXwwMYGwAIB0gIkOWVmMDM3YmItZGJlYi00OTUwLThiYTYtYWFjYzNlMzJkYWFk2AIB4AIB&aid=304142&ucfs=1&arphpl=1&checkin=2025-09-21&checkout=2025-09-30&dest_id=-290692&dest_type=city&group_adults=2&req_adults=2&no_rooms=1&group_children=0&req_children=0&hpos=8&hapos=33&sr_order=popularity&srpvid=525f7c648d450097&srepoch=1758476503&all_sr_blocks=1123660511_385093944_2_0_0&highlighted_blocks=1123660511_385093944_2_0_0&matching_block_id=1123660511_385093944_2_0_0&sr_pri_blocks=1123660511_385093944_2_0_0__8820&from=searchresults
saqqara pyramids inn,"Giza, Cairo","EGP 3,902",Scored 3.2,3.2,Scored 3.2,https://www.booking.com/hotel/eg/pharaohs-oasis.html?label=gen173bo-10CAEoggI46AdIM1gDaEOIAQGYATO4ARfIAQzYAQPoAQH4AQGIAgGYAgKoAgG4AuXwwMYGwAIB0gIkOWVmMDM3YmItZGJlYi00OTUwLThiYTYtYWFjYzNlMzJkYWFk2AIB4AIB&aid=304142&ucfs=1&arphpl=1&checkin=2025-09-21&checkout=2025-09-30&dest_id=-290692&dest_type=city&group_adults=2&req_adults=2&no_rooms=1&group_children=0&req_children=0&hpos=9&hapos=34&sr_order=popularity&srpvid=525f7c648d450097&srepoch=1758476503&all_sr_blocks=1351066801_407441329_2_41_0_789484&highlighted_blocks=1351066801_407441329_2_41_0_789484&matching_block_id=1351066801_407441329_2_41_0_789484&sr_pri_blocks=1351066801_407441329_2_41_0_789484_8100&from=searchresults
Eastern Oasis Motel & Horse Farm,Cairo,"EGP 3,434",Scored 4.5,4.5,Scored 4.5,https://www.booking.com/hotel/eg/eastern-waha-motel-pyramid.html?label=gen173bo-10CAEoggI46AdIM1gDaEOIAQGYATO4ARfIAQzYAQPoAQH4AQGIAgGYAgKoAgG4AuXwwMYGwAIB0gIkOWVmMDM3YmItZGJlYi00OTUwLThiYTYtYWFjYzNlMzJkYWFk2AIB4AIB&aid=304142&ucfs=1&arphpl=1&checkin=2025-09-21&checkout=2025-09-30&dest_id=-290692&dest_type=city&group_adults=2&req_adults=2&no_rooms=1&group_children=0&req_children=0&hpos=10&hapos=35&sr_order=popularity&srpvid=525f7c648d450097&srepoch=1758476503&all_sr_blocks=1215271902_402634933_2_2_0_482485&highlighted_blocks=1215271902_402634933_2_2_0_482485&matching_block_id=1215271902_402634933_2_2_0_482485&sr_pri_blocks=1215271902_402634933_2_2_0_482485_7128&from=searchresults
Ram Pyramids INN,"Giza, Cairo","EGP 4,335",Scored 8.0,8.0,Scored 8.0,https://www.booking.com/hotel/eg/ram-pyramids-inn.html?label=gen173bo-10CAEoggI46AdIM1gDaEOIAQGYATO4ARfIAQzYAQPoAQH4AQGIAgGYAgKoAgG4AuXwwMYGwAIB0gIkOWVmMDM3YmItZGJlYi00OTUwLThiYTYtYWFjYzNlMzJkYWFk2AIB4AIB&aid=304142&ucfs=1&arphpl=1&checkin=2025-09-21&checkout=2025-09-30&dest_id=-290692&dest_type=city&group_adults=2&req_adults=2&no_rooms=1&group_children=0&req_children=0&hpos=11&hapos=36&sr_order=popularity&srpvid=525f7c648d450097&srepoch=1758476503&all_sr_blocks=1352464102_419246743_2_1_0&highlighted_blocks=1352464102_419246743_2_1_0&matching_block_id=1352464102_419246743_2_1_0&sr_pri_blocks=1352464102_419246743_2_1_0__9000&from=searchresults
Rahma Hotel Shehap,"Mohandesin, Cairo (Mohandesin)","EGP 14,306",Scored 7.3,7.3,Scored 7.3,https://www.booking.com/hotel/eg/rahma-shehap.html?label=gen173bo-10CAEoggI46AdIM1gDaEOIAQGYATO4ARfIAQzYAQPoAQH4AQGIAgGYAgKoAgG4AuXwwMYGwAIB0gIkOWVmMDM3YmItZGJlYi00OTUwLThiYTYtYWFjYzNlMzJkYWFk2AIB4AIB&aid=304142&ucfs=1&arphpl=1&checkin=2025-09-21&checkout=2025-09-30&dest_id=-290692&dest_type=city&group_adults=2&req_adults=2&no_rooms=1&group_children=0&req_children=0&hpos=12&hapos=37&sr_order=popularity&srpvid=525f7c648d450097&srepoch=1758476503&all_sr_blocks=1150098801_388101483_0_0_0&highlighted_blocks=1150098801_388101483_0_0_0&matching_block_id=1150098801_388101483_0_0_0&sr_pri_blocks=1150098801_388101483_0_0_0__29700&from=searchresults
Grand City Hotel,Cairo,"EGP 12,486",Not available,Not available,Not available,https://www.booking.com/hotel/eg/grand-city-bdyn.html?label=gen173bo-10CAEoggI46AdIM1gDaEOIAQGYATO4ARfIAQzYAQPoAQH4AQGIAgGYAgKoAgG4AuXwwMYGwAIB0gIkOWVmMDM3YmItZGJlYi00OTUwLThiYTYtYWFjYzNlMzJkYWFk2AIB4AIB&aid=304142&ucfs=1&arphpl=1&checkin=2025-09-21&checkout=2025-09-30&dest_id=-290692&dest_type=city&group_adults=2&req_adults=2&no_rooms=1&group_children=0&req_children=0&hpos=13&hapos=38&sr_order=popularity&srpvid=525f7c648d450097&srepoch=1758476503&all_sr_blocks=1496519102_421329705_2_1_0&highlighted_blocks=1496519102_421329705_2_1_0&matching_block_id=1496519102_421329705_2_1_0&sr_pri_blocks=1496519102_421329705_2_1_0__25920&from=searchresults
El Tahrir View Hotel,Cairo,"EGP 15,260",Scored 7.9,7.9,Scored 7.9,https://www.booking.com/hotel/eg/al-tahrir-view.html?label=gen173bo-10CAEoggI46AdIM1gDaEOIAQGYATO4ARfIAQzYAQPoAQH4AQGIAgGYAgKoAgG4AuXwwMYGwAIB0gIkOWVmMDM3YmItZGJlYi00OTUwLThiYTYtYWFjYzNlMzJkYWFk2AIB4AIB&aid=304142&ucfs=1&arphpl=1&checkin=2025-09-21&checkout=2025-09-30&dest_id=-290692&dest_type=city&group_adults=2&req_adults=2&no_rooms=1&group_children=0&req_children=0&hpos=14&hapos=39&sr_order=popularity&srpvid=525f7c648d450097&srepoch=1758476503&all_sr_blocks=1358902201_411664420_0_2_0&highlighted_blocks=1358902201_411664420_0_2_0&matching_block_id=1358902201_411664420_0_2_0&sr_pri_blocks=1358902201_411664420_0_2_0__31680&from=searchresults
Oh Pyramids View,"Giza, Cairo","EGP 8,671",Scored 8.8,8.8,Scored 8.8,https://www.booking.com/hotel/eg/oh-pyramids-view.html?label=gen173bo-10CAEoggI46AdIM1gDaEOIAQGYATO4ARfIAQzYAQPoAQH4AQGIAgGYAgKoAgG4AuXwwMYGwAIB0gIkOWVmMDM3YmItZGJlYi00OTUwLThiYTYtYWFjYzNlMzJkYWFk2AIB4AIB&aid=304142&ucfs=1&arphpl=1&checkin=2025-09-21&checkout=2025-09-30&dest_id=-290692&dest_type=city&group_adults=2&req_adults=2&no_rooms=1&group_children=0&req_children=0&hpos=15&hapos=40&sr_order=popularity&srpvid=525f7c648d450097&srepoch=1758476503&all_sr_blocks=1154313303_388233695_0_1_0&highlighted_blocks=1154313303_388233695_0_1_0&matching_block_id=1154313303_388233695_0_1_0&sr_pri_blocks=1154313303_388233695_0_1_0__18000&from=searchresults
Stare shehap Sweets,"Mohandesin, Cairo (Mohandesin)","EGP 11,055",Scored 7.8,7.8,Scored 7.8,https://www.booking.com/hotel/eg/stare-shehap-sweets.html?label=gen173bo-10CAEoggI46AdIM1gDaEOIAQGYATO4ARfIAQzYAQPoAQH4AQGIAgGYAgKoAgG4AuXwwMYGwAIB0gIkOWVmMDM3YmItZGJlYi00OTUwLThiYTYtYWFjYzNlMzJkYWFk2AIB4AIB&aid=304142&ucfs=1&arphpl=1&checkin=2025-09-21&checkout=2025-09-30&dest_id=-290692&dest_type=city&group_adults=2&req_adults=2&no_rooms=1&group_children=0&req_children=0&hpos=16&hapos=41&sr_order=popularity&srpvid=525f7c648d450097&srepoch=1758476503&all_sr_blocks=1034844201_387202406_4_0_0&highlighted_blocks=1034844201_387202406_4_0_0&matching_block_id=1034844201_387202406_4_0_0&sr_pri_blocks=1034844201_387202406_4_0_0__22950&from=searchresults
Nine Pyramids View Hotel,"Giza, Cairo","EGP 9,955",Scored 7.0,7.0,Scored 7.0,https://www.booking.com/hotel/eg/nine-pyramids-view.html?label=gen173bo-10CAEoggI46AdIM1gDaEOIAQGYATO4ARfIAQzYAQPoAQH4AQGIAgGYAgKoAgG4AuXwwMYGwAIB0gIkOWVmMDM3YmItZGJlYi00OTUwLThiYTYtYWFjYzNlMzJkYWFk2AIB4AIB&aid=304142&ucfs=1&arphpl=1&checkin=2025-09-21&checkout=2025-09-30&dest_id=-290692&dest_type=city&group_adults=2&req_adults=2&no_rooms=1&group_children=0&req_children=0&hpos=17&hapos=42&sr_order=popularity&srpvid=525f7c648d450097&srepoch=1758476503&all_sr_blocks=706110614_391994249_2_1_0_723304&highlighted_blocks=706110614_391994249_2_1_0_723304&matching_block_id=706110614_391994249_2_1_0_723304&sr_pri_blocks=706110614_391994249_2_1_0_723304_20667&from=searchresults
Kemet Pyramids INN,"Giza, Cairo","EGP 5,528",Scored 7.5,7.5,Scored 7.5,https://www.booking.com/hotel/eg/kemet-pyramids.html?label=gen173bo-10CAEoggI46AdIM1gDaEOIAQGYATO4ARfIAQzYAQPoAQH4AQGIAgGYAgKoAgG4AuXwwMYGwAIB0gIkOWVmMDM3YmItZGJlYi00OTUwLThiYTYtYWFjYzNlMzJkYWFk2AIB4AIB&aid=304142&ucfs=1&arphpl=1&checkin=2025-09-21&checkout=2025-09-30&dest_id=-290692&dest_type=city&group_adults=2&req_adults=2&no_rooms=1&group_children=0&req_children=0&hpos=18&hapos=43&sr_order=popularity&srpvid=525f7c648d450097&srepoch=1758476503&all_sr_blocks=1046288304_420651949_0_2_0&highlighted_blocks=1046288304_420651949_0_2_0&matching_block_id=1046288304_420651949_0_2_0&sr_pri_blocks=1046288304_420651949_0_2_0__11475&from=searchresults
Najm Pyramids View,"Giza, Cairo","EGP 14,870",Scored 10,10,Scored 10,https://www.booking.com/hotel/eg/tybnrz-ty-y.html?label=gen173bo-10CAEoggI46AdIM1gDaEOIAQGYATO4ARfIAQzYAQPoAQH4AQGIAgGYAgKoAgG4AuXwwMYGwAIB0gIkOWVmMDM3YmItZGJlYi00OTUwLThiYTYtYWFjYzNlMzJkYWFk2AIB4AIB&aid=304142&ucfs=1&arphpl=1&checkin=2025-09-21&checkout=2025-09-30&dest_id=-290692&dest_type=city&group_adults=2&req_adults=2&no_rooms=1&group_children=0&req_children=0&hpos=19&hapos=44&sr_order=popularity&srpvid=525f7c648d450097&srepoch=1758476503&all_sr_blocks=1404809001_412286683_2_0_0_1188292&highlighted_blocks=1404809001_412286683_2_0_0_1188292&matching_block_id=1404809001_412286683_2_0_0_1188292&sr_pri_blocks=1404809001_412286683_2_0_0_1188292_30870&from=searchresults
Pa la ce court,"Downtown Cairo, Cairo","EGP 18,642",Scored 7.4,7.4,Scored 7.4,https://www.booking.com/hotel/eg/pa-la-ce-court.html?label=gen173bo-10CAEoggI46AdIM1gDaEOIAQGYATO4ARfIAQzYAQPoAQH4AQGIAgGYAgKoAgG4AuXwwMYGwAIB0gIkOWVmMDM3YmItZGJlYi00OTUwLThiYTYtYWFjYzNlMzJkYWFk2AIB4AIB&aid=304142&ucfs=1&arphpl=1&checkin=2025-09-21&checkout=2025-09-30&dest_id=-290692&dest_type=city&group_adults=2&req_adults=2&no_rooms=1&group_children=0&req_children=0&hpos=20&hapos=45&sr_order=popularity&srpvid=525f7c648d450097&srepoch=1758476503&all_sr_blocks=1405667101_412607400_2_1_0&highlighted_blocks=1405667101_412607400_2_1_0&matching_block_id=1405667101_412607400_2_1_0&sr_pri_blocks=1405667101_412607400_2_1_0__38700&from=searchresults
Osiris Vista Pyramids Inn,"Giza, Cairo","EGP 11,055",Not available,Not available,Not available,https://www.booking.com/hotel/eg/osiris-vista-pyramids-inn.html?label=gen173bo-10CAEoggI46AdIM1gDaEOIAQGYATO4ARfIAQzYAQPoAQH4AQGIAgGYAgKoAgG4AuXwwMYGwAIB0gIkOWVmMDM3YmItZGJlYi00OTUwLThiYTYtYWFjYzNlMzJkYWFk2AIB4AIB&aid=304142&ucfs=1&arphpl=1&checkin=2025-09-21&checkout=2025-09-30&dest_id=-290692&dest_type=city&group_adults=2&req_adults=2&no_rooms=1&group_children=0&req_children=0&hpos=21&hapos=46&sr_order=popularity&srpvid=525f7c648d450097&srepoch=1758476503&all_sr_blocks=1497240901_421406626_2_1_0&highlighted_blocks=1497240901_421406626_2_1_0&matching_block_id=1497240901_421406626_2_1_0&sr_pri_blocks=1497240901_421406626_2_1_0__22950&from=searchresults
FAMILY HOUSE of ISIS,"Giza, Cairo","EGP 4,422",Scored 7.1,7.1,Scored 7.1,https://www.booking.com/hotel/eg/new-sphinx-palace-pyramids-view.html?label=gen173bo-10CAEoggI46AdIM1gDaEOIAQGYATO4ARfIAQzYAQPoAQH4AQGIAgGYAgKoAgG4AuXwwMYGwAIB0gIkOWVmMDM3YmItZGJlYi00OTUwLThiYTYtYWFjYzNlMzJkYWFk2AIB4AIB&aid=304142&ucfs=1&arphpl=1&checkin=2025-09-21&checkout=2025-09-30&dest_id=-290692&dest_type=city&group_adults=2&req_adults=2&no_rooms=1&group_children=0&req_children=0&hpos=22&hapos=47&sr_order=popularity&srpvid=525f7c648d450097&srepoch=1758476503&all_sr_blocks=1322252405_411788190_0_2_0&highlighted_blocks=1322252405_411788190_0_2_0&matching_block_id=1322252405_411788190_0_2_0&sr_pri_blocks=1322252405_411788190_0_2_0__9180&from=searchresults
ROOMES NILE VIEW MANIEl,Cairo,"EGP 13,266",Not available,Not available,Not available,https://www.booking.com/hotel/eg/studio-nile-view-abdulaziz-al-saud-street.html?label=gen173bo-10CAEoggI46AdIM1gDaEOIAQGYATO4ARfIAQzYAQPoAQH4AQGIAgGYAgKoAgG4AuXwwMYGwAIB0gIkOWVmMDM3YmItZGJlYi00OTUwLThiYTYtYWFjYzNlMzJkYWFk2AIB4AIB&aid=304142&ucfs=1&arphpl=1&checkin=2025-09-21&checkout=2025-09-30&dest_id=-290692&dest_type=city&group_adults=2&req_adults=2&no_rooms=1&group_children=0&req_children=0&hpos=23&hapos=48&sr_order=popularity&srpvid=525f7c648d450097&srepoch=1758476503&all_sr_blocks=1494359006_421099178_2_0_0&highlighted_blocks=1494359006_421099178_2_0_0&matching_block_id=1494359006_421099178_2_0_0&sr_pri_blocks=1494359006_421099178_2_0_0__27540&from=searchresults
Dima Pyramids View,"Giza, Cairo","EGP 15,174",Scored 8.4,8.4,Scored 8.4,https://www.booking.com/hotel/eg/dima-pyramids-view.html?label=gen173bo-10CAEoggI46AdIM1gDaEOIAQGYATO4ARfIAQzYAQPoAQH4AQGIAgGYAgKoAgG4AuXwwMYGwAIB0gIkOWVmMDM3YmItZGJlYi00OTUwLThiYTYtYWFjYzNlMzJkYWFk2AIB4AIB&aid=304142&ucfs=1&arphpl=1&checkin=2025-09-21&checkout=2025-09-30&dest_id=-290692&dest_type=city&group_adults=2&req_adults=2&no_rooms=1&group_children=0&req_children=0&hpos=24&hapos=49&sr_order=popularity&srpvid=525f7c648d450097&srepoch=1758476503&all_sr_blocks=1208303302_417328178_2_41_0_1137493&highlighted_blocks=1208303302_417328178_2_41_0_1137493&matching_block_id=1208303302_417328178_2_41_0_1137493&sr_pri_blocks=1208303302_417328178_2_41_0_1137493_31500&from=searchresults
"Golden Park Hotel Cairo, Heliopolis","Heliopolis, Cairo","EGP 15,477",Scored 7.0,7.0,Scored 7.0,https://www.booking.com/hotel/eg/golden-park.html?label=gen173bo-10CAEoggI46AdIM1gDaEOIAQGYATO4ARfIAQzYAQPoAQH4AQGIAgGYAgKoAgG4AuXwwMYGwAIB0gIkOWVmMDM3YmItZGJlYi00OTUwLThiYTYtYWFjYzNlMzJkYWFk2AIB4AIB&aid=304142&ucfs=1&arphpl=1&checkin=2025-09-21&checkout=2025-09-30&dest_id=-290692&dest_type=city&group_adults=2&req_adults=2&no_rooms=1&group_children=0&req_children=0&hpos=25&hapos=50&sr_order=popularity&srpvid=525f7c648d450097&srepoch=1758476503&all_sr_blocks=73852702_421277977_2_10_0&highlighted_blocks=73852702_421277977_2_10_0&matching_block_id=73852702_421277977_2_10_0&sr_pri_blocks=73852702_421277977_2_10_0__32130&from=searchresults
Horus Horizon INN,"Giza, Cairo","EGP 8,671",Scored 8.7,8.7,Scored 8.7,https://www.booking.com/hotel/eg/cure-pyramids-inn.html?label=gen173bo-10CAEoggI46AdIM1gDaEOIAQGYATO4ARfIAQzYAQPoAQH4AQGIAgGYAgKoAgG4AuXwwMYGwAIB0gIkOWVmMDM3YmItZGJlYi00OTUwLThiYTYtYWFjYzNlMzJkYWFk2AIB4AIB&aid=304142&ucfs=1&arphpl=1&checkin=2025-09-21&checkout=2025-09-30&dest_id=-290692&dest_type=city&group_adults=2&req_adults=2&no_rooms=1&group_children=0&req_children=0&hpos=1&hapos=51&sr_order=popularity&srpvid=525f7c648d450097&srepoch=1758476505&all_sr_blocks=1379283915_411198527_2_41_0_1074475&highlighted_blocks=1379283915_411198527_2_41_0_1074475&matching_block_id=1379283915_411198527_2_41_0_1074475&sr_pri_blocks=1379283915_411198527_2_41_0_1074475_18000&from=searchresults
Explore Stars Pyramids View,"Giza, Cairo","EGP 4,325",Scored 8.0,8.0,Scored 8.0,https://www.booking.com/hotel/eg/new-pyramids-star-inn.html?label=gen173bo-10CAEoggI46AdIM1gDaEOIAQGYATO4ARfIAQzYAQPoAQH4AQGIAgGYAgKoAgG4AuXwwMYGwAIB0gIkOWVmMDM3YmItZGJlYi00OTUwLThiYTYtYWFjYzNlMzJkYWFk2AIB4AIB&aid=304142&ucfs=1&arphpl=1&checkin=2025-09-21&checkout=2025-09-30&dest_id=-290692&dest_type=city&group_adults=2&req_adults=2&no_rooms=1&group_children=0&req_children=0&hpos=2&hapos=52&sr_order=popularity&srpvid=525f7c648d450097&srepoch=1758476505&all_sr_blocks=1196130803_391898822_0_32_0&highlighted_blocks=1196130803_391898822_0_32_0&matching_block_id=1196130803_391898822_0_32_0&sr_pri_blocks=1196130803_391898822_0_32_0__8978&from=searchresults
mass sphinx & pyramid stay,"Giza, Cairo","EGP 10,838",Not available,Not available,Not available,https://www.booking.com/hotel/eg/mero-pyramids-sphinx.html?label=gen173bo-10CAEoggI46AdIM1gDaEOIAQGYATO4ARfIAQzYAQPoAQH4AQGIAgGYAgKoAgG4AuXwwMYGwAIB0gIkOWVmMDM3YmItZGJlYi00OTUwLThiYTYtYWFjYzNlMzJkYWFk2AIB4AIB&aid=304142&ucfs=1&arphpl=1&checkin=2025-09-21&checkout=2025-09-30&dest_id=-290692&dest_type=city&group_adults=2&req_adults=2&no_rooms=1&group_children=0&req_children=0&hpos=3&hapos=53&sr_order=popularity&srpvid=525f7c648d450097&srepoch=1758476505&all_sr_blocks=1495230706_421183979_2_1_0&highlighted_blocks=1495230706_421183979_2_1_0&matching_block_id=1495230706_421183979_2_1_0&sr_pri_blocks=1495230706_421183979_2_1_0__22500&from=searchresults
Aladdin Sphinx & Pyramid Stay,"Giza, Cairo","EGP 4,335",Scored 8.8,8.8,Scored 8.8,https://www.booking.com/hotel/eg/ancient-pyramids-view-inn.html?label=gen173bo-10CAEoggI46AdIM1gDaEOIAQGYATO4ARfIAQzYAQPoAQH4AQGIAgGYAgKoAgG4AuXwwMYGwAIB0gIkOWVmMDM3YmItZGJlYi00OTUwLThiYTYtYWFjYzNlMzJkYWFk2AIB4AIB&aid=304142&ucfs=1&arphpl=1&checkin=2025-09-21&checkout=2025-09-30&dest_id=-290692&dest_type=city&group_adults=2&req_adults=2&no_rooms=1&group_children=0&req_children=0&hpos=4&hapos=54&sr_order=popularity&srpvid=525f7c648d450097&srepoch=1758476505&all_sr_blocks=1473421302_418852763_2_0_0&highlighted_blocks=1473421302_418852763_2_0_0&matching_block_id=1473421302_418852763_2_0_0&sr_pri_blocks=1473421302_418852763_2_0_0__9000&from=searchresults
Plaza Pyramids & GEM View,"Giza, Cairo","EGP 12,382",Scored 8.1,8.1,Scored 8.1,https://www.booking.com/hotel/eg/pyramids-amp-museum-plaza-view.html?label=gen173bo-10CAEoggI46AdIM1gDaEOIAQGYATO4ARfIAQzYAQPoAQH4AQGIAgGYAgKoAgG4AuXwwMYGwAIB0gIkOWVmMDM3YmItZGJlYi00OTUwLThiYTYtYWFjYzNlMzJkYWFk2AIB4AIB&aid=304142&ucfs=1&arphpl=1&checkin=2025-09-21&checkout=2025-09-30&dest_id=-290692&dest_type=city&group_adults=2&req_adults=2&no_rooms=1&group_children=0&req_children=0&hpos=5&hapos=55&sr_order=popularity&srpvid=525f7c648d450097&srepoch=1758476505&all_sr_blocks=1377333107_421148987_0_1_0_1204931&highlighted_blocks=1377333107_421148987_0_1_0_1204931&matching_block_id=1377333107_421148987_0_1_0_1204931&sr_pri_blocks=1377333107_421148987_0_1_0_1204931_25704&from=searchresults
Karnak Pyramids View inn,"Giza, Cairo","EGP 2,775",Scored 9.6,9.6,Scored 9.6,https://www.booking.com/hotel/eg/karnak-house-pyramids-view-lhrm.html?label=gen173bo-10CAEoggI46AdIM1gDaEOIAQGYATO4ARfIAQzYAQPoAQH4AQGIAgGYAgKoAgG4AuXwwMYGwAIB0gIkOWVmMDM3YmItZGJlYi00OTUwLThiYTYtYWFjYzNlMzJkYWFk2AIB4AIB&aid=304142&ucfs=1&arphpl=1&checkin=2025-09-21&checkout=2025-09-30&dest_id=-290692&dest_type=city&group_adults=2&req_adults=2&no_rooms=1&group_children=0&req_children=0&hpos=6&hapos=56&sr_order=popularity&srpvid=525f7c648d450097&srepoch=1758476505&all_sr_blocks=1317105003_420061030_0_1_0&highlighted_blocks=1317105003_420061030_0_1_0&matching_block_id=1317105003_420061030_0_1_0&sr_pri_blocks=1317105003_420061030_0_1_0__5760&from=searchresults
Grand Palace Hotel,"Downtown Cairo, Cairo","EGP 17,558",Scored 7.6,7.6,Scored 7.6,https://www.booking.com/hotel/eg/grand-palace.html?label=gen173bo-10CAEoggI46AdIM1gDaEOIAQGYATO4ARfIAQzYAQPoAQH4AQGIAgGYAgKoAgG4AuXwwMYGwAIB0gIkOWVmMDM3YmItZGJlYi00OTUwLThiYTYtYWFjYzNlMzJkYWFk2AIB4AIB&aid=304142&ucfs=1&arphpl=1&checkin=2025-09-21&checkout=2025-09-30&dest_id=-290692&dest_type=city&group_adults=2&req_adults=2&no_rooms=1&group_children=0&req_children=0&hpos=7&hapos=57&sr_order=popularity&srpvid=525f7c648d450097&srepoch=1758476505&all_sr_blocks=432657103_335348094_2_1_0&highlighted_blocks=432657103_335348094_2_1_0&matching_block_id=432657103_335348094_2_1_0&sr_pri_blocks=432657103_335348094_2_1_0__36450&from=searchresults
Isis Hostel 2,"Downtown Cairo, Cairo","EGP 11,792",Scored 7.7,7.7,Scored 7.7,https://www.booking.com/hotel/eg/isis-2.html?label=gen173bo-10CAEoggI46AdIM1gDaEOIAQGYATO4ARfIAQzYAQPoAQH4AQGIAgGYAgKoAgG4AuXwwMYGwAIB0gIkOWVmMDM3YmItZGJlYi00OTUwLThiYTYtYWFjYzNlMzJkYWFk2AIB4AIB&aid=304142&ucfs=1&arphpl=1&checkin=2025-09-21&checkout=2025-09-30&dest_id=-290692&dest_type=city&group_adults=2&req_adults=2&no_rooms=1&group_children=0&req_children=0&hpos=8&hapos=58&sr_order=popularity&srpvid=525f7c648d450097&srepoch=1758476505&all_sr_blocks=47624007_167622107_0_2_0&highlighted_blocks=47624007_167622107_0_2_0&matching_block_id=47624007_167622107_0_2_0&sr_pri_blocks=47624007_167622107_0_2_0__24480&from=searchresults
Golden mask pyramids inn,"Giza, Cairo","EGP 8,292",Scored 8.5,8.5,Scored 8.5,https://www.booking.com/hotel/eg/golden-mask-pyramids-inn.html?label=gen173bo-10CAEoggI46AdIM1gDaEOIAQGYATO4ARfIAQzYAQPoAQH4AQGIAgGYAgKoAgG4AuXwwMYGwAIB0gIkOWVmMDM3YmItZGJlYi00OTUwLThiYTYtYWFjYzNlMzJkYWFk2AIB4AIB&aid=304142&ucfs=1&arphpl=1&checkin=2025-09-21&checkout=2025-09-30&dest_id=-290692&dest_type=city&group_adults=2&req_adults=2&no_rooms=1&group_children=0&req_children=0&hpos=9&hapos=59&sr_order=popularity&srpvid=525f7c648d450097&srepoch=1758476505&all_sr_blocks=938204502_366077557_0_41_0&highlighted_blocks=938204502_366077557_0_41_0&matching_block_id=938204502_366077557_0_41_0&sr_pri_blocks=938204502_366077557_0_41_0__17213&from=searchresults
Middle East pyramids veiw &jacuzzi,"Giza, Cairo","EGP 4,791",Scored 8.7,8.7,Scored 8.7,https://www.booking.com/hotel/eg/middle-east-al-haram.html?label=gen173bo-10CAEoggI46AdIM1gDaEOIAQGYATO4ARfIAQzYAQPoAQH4AQGIAgGYAgKoAgG4AuXwwMYGwAIB0gIkOWVmMDM3YmItZGJlYi00OTUwLThiYTYtYWFjYzNlMzJkYWFk2AIB4AIB&aid=304142&ucfs=1&arphpl=1&checkin=2025-09-21&checkout=2025-09-30&dest_id=-290692&dest_type=city&group_adults=2&req_adults=2&no_rooms=1&group_children=0&req_children=0&hpos=10&hapos=60&sr_order=popularity&srpvid=525f7c648d450097&srepoch=1758476505&all_sr_blocks=1460785706_417812879_0_41_0&highlighted_blocks=1460785706_417812879_0_41_0&matching_block_id=1460785706_417812879_0_41_0&sr_pri_blocks=1460785706_417812879_0_41_0__9945&from=searchresults
Pyramids Sunrise Private Family studio,"Giza, Cairo","EGP 12,529",Scored 10,10,Scored 10,https://www.booking.com/hotel/eg/private-family-studio.html?label=gen173bo-10CAEoggI46AdIM1gDaEOIAQGYATO4ARfIAQzYAQPoAQH4AQGIAgGYAgKoAgG4AuXwwMYGwAIB0gIkOWVmMDM3YmItZGJlYi00OTUwLThiYTYtYWFjYzNlMzJkYWFk2AIB4AIB&aid=304142&ucfs=1&arphpl=1&checkin=2025-09-21&checkout=2025-09-30&dest_id=-290692&dest_type=city&group_adults=2&req_adults=2&no_rooms=1&group_children=0&req_children=0&hpos=11&hapos=61&sr_order=popularity&srpvid=525f7c648d450097&srepoch=1758476505&all_sr_blocks=1356540001_408017005_2_0_0&highlighted_blocks=1356540001_408017005_2_0_0&matching_block_id=1356540001_408017005_2_0_0&sr_pri_blocks=1356540001_408017005_2_0_0__26010&from=searchresults
Oro Pyramids View Hotel,"Giza, Cairo","EGP 9,552",Scored 9.1,9.1,Scored 9.1,https://www.booking.com/hotel/eg/city-view-pyramids.html?label=gen173bo-10CAEoggI46AdIM1gDaEOIAQGYATO4ARfIAQzYAQPoAQH4AQGIAgGYAgKoAgG4AuXwwMYGwAIB0gIkOWVmMDM3YmItZGJlYi00OTUwLThiYTYtYWFjYzNlMzJkYWFk2AIB4AIB&aid=304142&ucfs=1&arphpl=1&checkin=2025-09-21&checkout=2025-09-30&dest_id=-290692&dest_type=city&group_adults=2&req_adults=2&no_rooms=1&group_children=0&req_children=0&hpos=12&hapos=62&sr_order=popularity&srpvid=525f7c648d450097&srepoch=1758476505&all_sr_blocks=1320763511_405934951_0_1_0_1082619&highlighted_blocks=1320763511_405934951_0_1_0_1082619&matching_block_id=1320763511_405934951_0_1_0_1082619&sr_pri_blocks=1320763511_405934951_0_1_0_1082619_19829&from=searchresults
PYRAMIDS TOP IN,"Giza, Cairo","EGP 13,179",Scored 8.7,8.7,Scored 8.7,https://www.booking.com/hotel/eg/pyramids-top-in.html?label=gen173bo-10CAEoggI46AdIM1gDaEOIAQGYATO4ARfIAQzYAQPoAQH4AQGIAgGYAgKoAgG4AuXwwMYGwAIB0gIkOWVmMDM3YmItZGJlYi00OTUwLThiYTYtYWFjYzNlMzJkYWFk2AIB4AIB&aid=304142&ucfs=1&arphpl=1&checkin=2025-09-21&checkout=2025-09-30&dest_id=-290692&dest_type=city&group_adults=2&req_adults=2&no_rooms=1&group_children=0&req_children=0&hpos=13&hapos=63&sr_order=popularity&srpvid=525f7c648d450097&srepoch=1758476505&all_sr_blocks=955228805_368394561_2_41_0&highlighted_blocks=955228805_368394561_2_41_0&matching_block_id=955228805_368394561_2_41_0&sr_pri_blocks=955228805_368394561_2_41_0__27360&from=searchresults
Carlos pyramids hote,"Giza, Cairo","EGP 7,587",Scored 9.0,9.0,Scored 9.0,https://www.booking.com/hotel/eg/pyramid-inn-lhrm2.html?label=gen173bo-10CAEoggI46AdIM1gDaEOIAQGYATO4ARfIAQzYAQPoAQH4AQGIAgGYAgKoAgG4AuXwwMYGwAIB0gIkOWVmMDM3YmItZGJlYi00OTUwLThiYTYtYWFjYzNlMzJkYWFk2AIB4AIB&aid=304142&ucfs=1&arphpl=1&checkin=2025-09-21&checkout=2025-09-30&dest_id=-290692&dest_type=city&group_adults=2&req_adults=2&no_rooms=1&group_children=0&req_children=0&hpos=14&hapos=64&sr_order=popularity&srpvid=525f7c648d450097&srepoch=1758476505&all_sr_blocks=1357281448_408401889_0_41_0&highlighted_blocks=1357281448_408401889_0_41_0&matching_block_id=1357281448_408401889_0_41_0&sr_pri_blocks=1357281448_408401889_0_41_0__15750&from=searchresults
Pyramids & Sphinx Hut Hotel,"Giza, Cairo","EGP 4,216",Scored 10,10,Scored 10,https://www.booking.com/hotel/eg/sphinx-blue-gate-inn.html?label=gen173bo-10CAEoggI46AdIM1gDaEOIAQGYATO4ARfIAQzYAQPoAQH4AQGIAgGYAgKoAgG4AuXwwMYGwAIB0gIkOWVmMDM3YmItZGJlYi00OTUwLThiYTYtYWFjYzNlMzJkYWFk2AIB4AIB&aid=304142&ucfs=1&arphpl=1&checkin=2025-09-21&checkout=2025-09-30&dest_id=-290692&dest_type=city&group_adults=2&req_adults=2&no_rooms=1&group_children=0&req_children=0&hpos=15&hapos=65&sr_order=popularity&srpvid=525f7c648d450097&srepoch=1758476505&all_sr_blocks=1472333004_418569492_0_41_0&highlighted_blocks=1472333004_418569492_0_41_0&matching_block_id=1472333004_418569492_0_41_0&sr_pri_blocks=1472333004_418569492_0_41_0__8752&from=searchresults
Zm apartment shehab Vib,"Mohandesin, Cairo (Mohandesin)","EGP 26,532",Scored 10,10,Scored 10,https://www.booking.com/hotel/eg/zn-apartment-vib.html?label=gen173bo-10CAEoggI46AdIM1gDaEOIAQGYATO4ARfIAQzYAQPoAQH4AQGIAgGYAgKoAgG4AuXwwMYGwAIB0gIkOWVmMDM3YmItZGJlYi00OTUwLThiYTYtYWFjYzNlMzJkYWFk2AIB4AIB&aid=304142&ucfs=1&arphpl=1&checkin=2025-09-21&checkout=2025-09-30&dest_id=-290692&dest_type=city&group_adults=2&req_adults=2&no_rooms=1&group_children=0&req_children=0&hpos=16&hapos=66&sr_order=popularity&srpvid=525f7c648d450097&srepoch=1758476505&all_sr_blocks=1333444101_412663065_2_0_0&highlighted_blocks=1333444101_412663065_2_0_0&matching_block_id=1333444101_412663065_2_0_0&sr_pri_blocks=1333444101_412663065_2_0_0__55080&from=searchresults
Royal Pyramids View,"Giza, Cairo","EGP 7,960",Scored 8.2,8.2,Scored 8.2,https://www.booking.com/hotel/eg/city-canter-pyramids.html?label=gen173bo-10CAEoggI46AdIM1gDaEOIAQGYATO4ARfIAQzYAQPoAQH4AQGIAgGYAgKoAgG4AuXwwMYGwAIB0gIkOWVmMDM3YmItZGJlYi00OTUwLThiYTYtYWFjYzNlMzJkYWFk2AIB4AIB&aid=304142&ucfs=1&arphpl=1&checkin=2025-09-21&checkout=2025-09-30&dest_id=-290692&dest_type=city&group_adults=2&req_adults=2&no_rooms=1&group_children=0&req_children=0&hpos=17&hapos=67&sr_order=popularity&srpvid=525f7c648d450097&srepoch=1758476505&all_sr_blocks=1320712901_405724048_0_41_0&highlighted_blocks=1320712901_405724048_0_41_0&matching_block_id=1320712901_405724048_0_41_0&sr_pri_blocks=1320712901_405724048_0_41_0__16524&from=searchresults
World Hotel Downtown,Cairo,"EGP 13,019",Scored 9.9,9.9,Scored 9.9,https://www.booking.com/hotel/eg/world-downtown.html?label=gen173bo-10CAEoggI46AdIM1gDaEOIAQGYATO4ARfIAQzYAQPoAQH4AQGIAgGYAgKoAgG4AuXwwMYGwAIB0gIkOWVmMDM3YmItZGJlYi00OTUwLThiYTYtYWFjYzNlMzJkYWFk2AIB4AIB&aid=304142&ucfs=1&arphpl=1&checkin=2025-09-21&checkout=2025-09-30&dest_id=-290692&dest_type=city&group_adults=2&req_adults=2&no_rooms=1&group_children=0&req_children=0&hpos=18&hapos=68&sr_order=popularity&srpvid=525f7c648d450097&srepoch=1758476505&all_sr_blocks=1484075602_420115793_0_1_0&highlighted_blocks=1484075602_420115793_0_1_0&matching_block_id=1484075602_420115793_0_1_0&sr_pri_blocks=1484075602_420115793_0_1_0__27027&from=searchresults
Pyramids Gem Plaza Boutique Hotel & Restaurant,"Giza, Cairo","EGP 17,883",Scored 8.4,8.4,Scored 8.4,https://www.booking.com/hotel/eg/pyramids-gem-plaza.html?label=gen173bo-10CAEoggI46AdIM1gDaEOIAQGYATO4ARfIAQzYAQPoAQH4AQGIAgGYAgKoAgG4AuXwwMYGwAIB0gIkOWVmMDM3YmItZGJlYi00OTUwLThiYTYtYWFjYzNlMzJkYWFk2AIB4AIB&aid=304142&ucfs=1&arphpl=1&checkin=2025-09-21&checkout=2025-09-30&dest_id=-290692&dest_type=city&group_adults=2&req_adults=2&no_rooms=1&group_children=0&req_children=0&hpos=19&hapos=69&sr_order=popularity&srpvid=525f7c648d450097&srepoch=1758476505&all_sr_blocks=560978224_402735351_2_41_0&highlighted_blocks=560978224_402735351_2_41_0&matching_block_id=560978224_402735351_2_41_0&sr_pri_blocks=560978224_402735351_2_41_0__37125&from=searchresults
New Lotus Hotel,"Downtown Cairo, Cairo","EGP 13,239",Scored 7.5,7.5,Scored 7.5,https://www.booking.com/hotel/eg/lotus-new.html?label=gen173bo-10CAEoggI46AdIM1gDaEOIAQGYATO4ARfIAQzYAQPoAQH4AQGIAgGYAgKoAgG4AuXwwMYGwAIB0gIkOWVmMDM3YmItZGJlYi00OTUwLThiYTYtYWFjYzNlMzJkYWFk2AIB4AIB&aid=304142&ucfs=1&arphpl=1&checkin=2025-09-21&checkout=2025-09-30&dest_id=-290692&dest_type=city&group_adults=2&req_adults=2&no_rooms=1&group_children=0&req_children=0&hpos=20&hapos=70&sr_order=popularity&srpvid=525f7c648d450097&srepoch=1758476505&all_sr_blocks=1099271805_382788932_0_1_0&highlighted_blocks=1099271805_382788932_0_1_0&matching_block_id=1099271805_382788932_0_1_0&sr_pri_blocks=1099271805_382788932_0_1_0__27483&from=searchresults
Dior Hotel Downtown,Cairo,"EGP 17,845",Scored 8.5,8.5,Scored 8.5,https://www.booking.com/hotel/eg/dior.html?label=gen173bo-10CAEoggI46AdIM1gDaEOIAQGYATO4ARfIAQzYAQPoAQH4AQGIAgGYAgKoAgG4AuXwwMYGwAIB0gIkOWVmMDM3YmItZGJlYi00OTUwLThiYTYtYWFjYzNlMzJkYWFk2AIB4AIB&aid=304142&ucfs=1&arphpl=1&checkin=2025-09-21&checkout=2025-09-30&dest_id=-290692&dest_type=city&group_adults=2&req_adults=2&no_rooms=1&group_children=0&req_children=0&hpos=21&hapos=71&sr_order=popularity&srpvid=525f7c648d450097&srepoch=1758476505&all_sr_blocks=1270379802_408453860_0_1_0_868590&highlighted_blocks=1270379802_408453860_0_1_0_868590&matching_block_id=1270379802_408453860_0_1_0_868590&sr_pri_blocks=1270379802_408453860_0_1_0_868590_37046&from=searchresults
Aladdin Pyramids destination,"Giza, Cairo","EGP 4,552",Scored 8.0,8.0,Scored 8.0,https://www.booking.com/hotel/eg/pyramids-destination-inn.html?label=gen173bo-10CAEoggI46AdIM1gDaEOIAQGYATO4ARfIAQzYAQPoAQH4AQGIAgGYAgKoAgG4AuXwwMYGwAIB0gIkOWVmMDM3YmItZGJlYi00OTUwLThiYTYtYWFjYzNlMzJkYWFk2AIB4AIB&aid=304142&ucfs=1&arphpl=1&checkin=2025-09-21&checkout=2025-09-30&dest_id=-290692&dest_type=city&group_adults=2&req_adults=2&no_rooms=1&group_children=0&req_children=0&hpos=22&hapos=72&sr_order=popularity&srpvid=525f7c648d450097&srepoch=1758476505&all_sr_blocks=1247000206_397033106_2_0_0&highlighted_blocks=1247000206_397033106_2_0_0&matching_block_id=1247000206_397033106_2_0_0&sr_pri_blocks=1247000206_397033106_2_0_0__9450&from=searchresults
Pyramids desret view inn,"Giza, Cairo","EGP 4,390",Scored 10,10,Scored 10,https://www.booking.com/hotel/eg/pyramids-desert-view-inn-al-haram2.html?label=gen173bo-10CAEoggI46AdIM1gDaEOIAQGYATO4ARfIAQzYAQPoAQH4AQGIAgGYAgKoAgG4AuXwwMYGwAIB0gIkOWVmMDM3YmItZGJlYi00OTUwLThiYTYtYWFjYzNlMzJkYWFk2AIB4AIB&aid=304142&ucfs=1&arphpl=1&checkin=2025-09-21&checkout=2025-09-30&dest_id=-290692&dest_type=city&group_adults=2&req_adults=2&no_rooms=1&group_children=0&req_children=0&hpos=23&hapos=73&sr_order=popularity&srpvid=525f7c648d450097&srepoch=1758476505&all_sr_blocks=1350541901_407441328_2_41_0_789485&highlighted_blocks=1350541901_407441328_2_41_0_789485&matching_block_id=1350541901_407441328_2_41_0_789485&sr_pri_blocks=1350541901_407441328_2_41_0_789485_9113&from=searchresults
Falcon Pyramids View INN,"Giza, Cairo","EGP 4,565",Scored 9.9,9.9,Scored 9.9,https://www.booking.com/hotel/eg/falcon-pyramids-view-inn-al-haram.html?label=gen173bo-10CAEoggI46AdIM1gDaEOIAQGYATO4ARfIAQzYAQPoAQH4AQGIAgGYAgKoAgG4AuXwwMYGwAIB0gIkOWVmMDM3YmItZGJlYi00OTUwLThiYTYtYWFjYzNlMzJkYWFk2AIB4AIB&aid=304142&ucfs=1&arphpl=1&checkin=2025-09-21&checkout=2025-09-30&dest_id=-290692&dest_type=city&group_adults=2&req_adults=2&no_rooms=1&group_children=0&req_children=0&hpos=24&hapos=74&sr_order=popularity&srpvid=525f7c648d450097&srepoch=1758476505&all_sr_blocks=1293105202_403415617_0_1_0&highlighted_blocks=1293105202_403415617_0_1_0&matching_block_id=1293105202_403415617_0_1_0&sr_pri_blocks=1293105202_403415617_0_1_0__9477&from=searchresults
